id,link
0,https://www.sengager.fr/ou-nous-rencontrer/cirfa-daix-en-provence
1,https://www.sengager.fr/ou-nous-rencontrer/cirfa-dajaccio
2,https://www.sengager.fr/ou-nous-rencontrer/cirfa-dalbi
3,https://www.sengager.fr/ou-nous-rencontrer/cirfa-dalencon
4,https://www.sengager.fr/ou-nous-rencontrer/cirfa-damiens
5,https://www.sengager.fr/ou-nous-rencontrer/cirfa-dangouleme
6,https://www.sengager.fr/ou-nous-rencontrer/cirfa-dannecy
7,https://www.sengager.fr/ou-nous-rencontrer/cirfa-darras
8,https://www.sengager.fr/ou-nous-rencontrer/cirfa-dauxerre
9,https://www.sengager.fr/ou-nous-rencontrer/cirfa-davignon
10,https://www.sengager.fr/ou-nous-rencontrer/cirfa-depinal
11,https://www.sengager.fr/ou-nous-rencontrer/cirfa-devreux
12,https://www.sengager.fr/ou-nous-rencontrer/cirfa-dorleans
13,https://www.sengager.fr/ou-nous-rencontrer/cirfa-de-agen
14,https://www.sengager.fr/ou-nous-rencontrer/cirfa-de-angers
15,https://www.sengager.fr/ou-nous-rencontrer/cirfa-de-bastia
16,https://www.sengager.fr/ou-nous-rencontrer/cirfa-de-bayonne
17,https://www.sengager.fr/ou-nous-rencontrer/cirfa-de-belfort
18,https://www.sengager.fr/ou-nous-rencontrer/cirfa-de-besancon
19,https://www.sengager.fr/ou-nous-rencontrer/cirfa-de-beziers
20,https://www.sengager.fr/ou-nous-rencontrer/cirfa-de-blois
21,https://www.sengager.fr/ou-nous-rencontrer/cirfa-de-bordeaux
22,https://www.sengager.fr/ou-nous-rencontrer/cirfa-de-bourg-en-bresse
23,https://www.sengager.fr/ou-nous-rencontrer/cirfa-de-bourges
24,https://www.sengager.fr/ou-nous-rencontrer/cirfa-de-brest
25,https://www.sengager.fr/ou-nous-rencontrer/cirfa-de-brive
26,https://www.sengager.fr/ou-nous-rencontrer/cirfa-de-caen
27,https://www.sengager.fr/ou-nous-rencontrer/cirfa-de-cahors
28,https://www.sengager.fr/ou-nous-rencontrer/cirfa-de-carcassonne
29,https://www.sengager.fr/ou-nous-rencontrer/cirfa-de-cergy-pontoise
30,https://www.sengager.fr/ou-nous-rencontrer/cirfa-de-chambery
31,https://www.sengager.fr/ou-nous-rencontrer/cirfa-de-charleville-mezieres
32,https://www.sengager.fr/ou-nous-rencontrer/cirfa-de-chartres
33,https://www.sengager.fr/ou-nous-rencontrer/cirfa-de-chaumont
34,https://www.sengager.fr/ou-nous-rencontrer/cirfa-de-clermont-ferrand
35,https://www.sengager.fr/ou-nous-rencontrer/cirfa-de-compiegne
36,https://www.sengager.fr/ou-nous-rencontrer/cirfa-de-dijon
37,https://www.sengager.fr/ou-nous-rencontrer/cirfa-de-dunkerque
38,https://www.sengager.fr/ou-nous-rencontrer/cirfa-de-evry
39,https://www.sengager.fr/ou-nous-rencontrer/cirfa-de-gap
40,https://www.sengager.fr/ou-nous-rencontrer/cirfa-de-grenoble
41,https://www.sengager.fr/ou-nous-rencontrer/cirfa-de-guadeloupe
42,https://www.sengager.fr/ou-nous-rencontrer/cirfa-de-guyane
43,https://www.sengager.fr/ou-nous-rencontrer/cirfa-de-la-defense
44,https://www.sengager.fr/ou-nous-rencontrer/cirfa-de-la-reunion
45,https://www.sengager.fr/ou-nous-rencontrer/cirfa-de-la-roche-sur-yon
46,https://www.sengager.fr/ou-nous-rencontrer/cirfa-de-la-rochelle
47,https://www.sengager.fr/ou-nous-rencontrer/cirfa-de-laon
48,https://www.sengager.fr/ou-nous-rencontrer/cirfa-de-laval
49,https://www.sengager.fr/ou-nous-rencontrer/cirfa-de-lille
50,https://www.sengager.fr/ou-nous-rencontrer/cirfa-de-limoges
51,https://www.sengager.fr/ou-nous-rencontrer/cirfa-de-lorient
52,https://www.sengager.fr/ou-nous-rencontrer/cirfa-de-lyon
53,https://www.sengager.fr/ou-nous-rencontrer/cirfa-de-macon
54,https://www.sengager.fr/ou-nous-rencontrer/cirfa-de-marseille
55,https://www.sengager.fr/ou-nous-rencontrer/cirfa-de-martinique
56,https://www.sengager.fr/ou-nous-rencontrer/cirfa-de-massy
57,https://www.sengager.fr/ou-nous-rencontrer/cirfa-de-mayotte
58,https://www.sengager.fr/ou-nous-rencontrer/cirfa-de-meaux
59,https://www.sengager.fr/ou-nous-rencontrer/cirfa-de-melun
60,https://www.sengager.fr/ou-nous-rencontrer/cirfa-de-metz
61,https://www.sengager.fr/ou-nous-rencontrer/cirfa-de-mont-de-marsan
62,https://www.sengager.fr/ou-nous-rencontrer/cirfa-de-montauban
63,https://www.sengager.fr/ou-nous-rencontrer/cirfa-de-montpellier
64,https://www.sengager.fr/ou-nous-rencontrer/cirfa-de-moulins
65,https://www.sengager.fr/ou-nous-rencontrer/cirfa-de-mulhouse
66,https://www.sengager.fr/ou-nous-rencontrer/cirfa-de-nancy
67,https://www.sengager.fr/ou-nous-rencontrer/cirfa-de-nantes
68,https://www.sengager.fr/ou-nous-rencontrer/cirfa-de-narbonne
69,https://www.sengager.fr/ou-nous-rencontrer/cirfa-de-nevers
70,https://www.sengager.fr/ou-nous-rencontrer/cirfa-de-nice
71,https://www.sengager.fr/ou-nous-rencontrer/cirfa-de-nimes-gardlozere
72,https://www.sengager.fr/ou-nous-rencontrer/cirfa-de-niort
73,https://www.sengager.fr/ou-nous-rencontrer/cirfa-de-nouvelle-caledonie
74,https://www.sengager.fr/ou-nous-rencontrer/cirfa-de-paris
75,https://www.sengager.fr/ou-nous-rencontrer/cirfa-de-pau
76,https://www.sengager.fr/ou-nous-rencontrer/cirfa-de-perigueux
77,https://www.sengager.fr/ou-nous-rencontrer/cirfa-de-perpignan
78,https://www.sengager.fr/ou-nous-rencontrer/cirfa-de-poitiers
79,https://www.sengager.fr/ou-nous-rencontrer/cirfa-de-polynesie
80,https://www.sengager.fr/ou-nous-rencontrer/cirfa-de-quimper
81,https://www.sengager.fr/ou-nous-rencontrer/cirfa-de-reims
82,https://www.sengager.fr/ou-nous-rencontrer/cirfa-de-rennes
83,https://www.sengager.fr/ou-nous-rencontrer/cirfa-de-rouen
84,https://www.sengager.fr/ou-nous-rencontrer/cirfa-de-saint-brieuc
85,https://www.sengager.fr/ou-nous-rencontrer/cirfa-de-saint-lo
86,https://www.sengager.fr/ou-nous-rencontrer/cirfa-de-saint-denis-93
87,https://www.sengager.fr/ou-nous-rencontrer/cirfa-de-saint-etienne
88,https://www.sengager.fr/ou-nous-rencontrer/cirfa-de-saint-nazaire
89,https://www.sengager.fr/ou-nous-rencontrer/cirfa-de-strasbourg
90,https://www.sengager.fr/ou-nous-rencontrer/cirfa-de-tarbes
91,https://www.sengager.fr/ou-nous-rencontrer/cirfa-de-toulon
92,https://www.sengager.fr/ou-nous-rencontrer/cirfa-de-toulouse
93,https://www.sengager.fr/ou-nous-rencontrer/cirfa-de-tours
94,https://www.sengager.fr/ou-nous-rencontrer/cirfa-de-troyes
95,https://www.sengager.fr/ou-nous-rencontrer/cirfa-de-valence-dromeardeche
96,https://www.sengager.fr/ou-nous-rencontrer/cirfa-de-valenciennes
97,https://www.sengager.fr/ou-nous-rencontrer/cirfa-de-vannes
98,https://www.sengager.fr/ou-nous-rencontrer/cirfa-de-versailles
99,https://www.sengager.fr/ou-nous-rencontrer/cirfa-de-vincennes
100,https://www.sengager.fr/ou-nous-rencontrer/cirfa-du-havre
101,https://www.sengager.fr/ou-nous-rencontrer/cirfa-du-mans
